[root@ip-10-3-11-4 ec2-user]# mysql -u admin -p -h udarr-read-replica.ckrqeju3smmq.us-west-1.rds.amazonaws.com
Enter password: 
Welcome to the MySQL monitor.  Commands end with ; or \g.
Your MySQL connection id is 6
Server version: 5.7.22-log Source distribution

Copyright (c) 2000, 2020, Oracle and/or its affiliates. All rights reserved.

Oracle is a registered trademark of Oracle Corporation and/or its
affiliates. Other names may be trademarks of their respective
owners.

Type 'help;' or '\h' for help. Type '\c' to clear the current input statement.

mysql> use udacity
Reading table information for completion of table and column names
You can turn off this feature to get a quicker startup with -A

Database changed
mysql> SELECT * FROM Student;
+------+----------+-----------+----------------+------+
| UIN  | LastName | FirstName | Address        | City |
+------+----------+-----------+----------------+------+
|  111 | Modi     | Apurva    | Foothill Ranch | CA   |
+------+----------+-----------+----------------+------+
1 row in set (0.00 sec)

mysql> INSERT INTO Student(UIN, LastName, FirstName, Address, City)  Value(111, "Dumpala","Rahul
    "> ","1049 49th St","VA");
Query OK, 1 row affected (0.01 sec)

mysql> SELECT * FROM Student;
+------+----------+-----------+----------------+------+
| UIN  | LastName | FirstName | Address        | City |
+------+----------+-----------+----------------+------+
|  111 | Modi     | Apurva    | Foothill Ranch | CA   |
|  111 | Dumpala  | Rahul
    | 1049 49th St   | VA   |
+------+----------+-----------+----------------+------+
2 rows in set (0.00 sec)

mysql> 